{"cameraMode":{"drawMode":0,"name":"Shaded","section":"Shading Mode"},"sceneLighting":true,"audioPlay":false,"sceneViewState":{"showFog":true,"showMaterialUpdate":true,"showSkybox":true,"showFlares":true,"showImageEffects":true,"showParticleSystems":true},"in2DMode":false,"pivot":{"x":197.62451171875,"y":-106.47392272949219,"z":18.790876388549806},"rotation":{"x":-0.17139802873134614,"y":-0.6580280661582947,"z":0.1735461801290512,"w":-0.7133381962776184},"size":148.46829223632813,"orthographic":false}