{"cameraMode":{"drawMode":0,"name":"Shaded","section":"Shading Mode"},"sceneLighting":false,"audioPlay":false,"sceneViewState":{"showFog":true,"showMaterialUpdate":true,"showSkybox":false,"showFlares":true,"showImageEffects":true,"showParticleSystems":true},"in2DMode":false,"pivot":{"x":-1.7999999523162842,"y":1.0,"z":1.4779999256134034},"rotation":{"x":0.09964657574892044,"y":-0.8473702669143677,"z":0.15602007508277894,"w":0.4985879063606262},"size":0.8660285472869873,"orthographic":false}