{"cameraMode":{"drawMode":0,"name":"Shaded","section":"Shading Mode"},"sceneLighting":false,"audioPlay":false,"sceneViewState":{"showFog":true,"showMaterialUpdate":true,"showSkybox":false,"showFlares":true,"showImageEffects":true,"showParticleSystems":true},"in2DMode":false,"pivot":{"x":-15.249558448791504,"y":1.0101884603500367,"z":-0.3294669985771179},"rotation":{"x":-0.0652577206492424,"y":-0.7261749505996704,"z":0.08664431422948837,"w":-0.6798990368843079},"size":3.133012294769287,"orthographic":false}