{"cameraMode":{"drawMode":0,"name":"Shaded","section":"Shading Mode"},"sceneLighting":false,"audioPlay":false,"sceneViewState":{"showFog":true,"showMaterialUpdate":true,"showSkybox":false,"showFlares":true,"showImageEffects":true,"showParticleSystems":true},"in2DMode":false,"pivot":{"x":-1.0709999799728394,"y":1.7940000295639039,"z":0.0},"rotation":{"x":0.015276044607162476,"y":-0.9396407604217529,"z":0.013596042059361935,"w":0.34332847595214846},"size":0.1732051968574524,"orthographic":false}