{"cameraMode":{"drawMode":0,"name":"Shaded","section":"Shading Mode"},"sceneLighting":false,"audioPlay":false,"sceneViewState":{"showFog":true,"showMaterialUpdate":true,"showSkybox":false,"showFlares":true,"showImageEffects":true,"showParticleSystems":true},"in2DMode":false,"pivot":{"x":-36.2130241394043,"y":4.488699436187744,"z":-18.187564849853517},"rotation":{"x":0.1107911691069603,"y":0.00276693026535213,"z":-0.01059001311659813,"w":0.9943361282348633},"size":4.138418197631836,"orthographic":false}