{"cameraMode":{"drawMode":0,"name":"Shaded","section":"Shading Mode"},"sceneLighting":true,"audioPlay":false,"sceneViewState":{"showFog":true,"showMaterialUpdate":true,"showSkybox":true,"showFlares":true,"showImageEffects":true,"showParticleSystems":true},"in2DMode":false,"pivot":{"x":-29.689523696899415,"y":10.136889457702637,"z":27.142662048339845},"rotation":{"x":0.009774812497198582,"y":-0.9214528799057007,"z":0.022897901013493539,"w":0.38787025213241579},"size":9.861080169677735,"orthographic":false}