{"cameraMode":{"drawMode":0,"name":"Shaded","section":"Shading Mode"},"sceneLighting":false,"audioPlay":false,"sceneViewState":{"showFog":true,"showMaterialUpdate":true,"showSkybox":false,"showFlares":true,"showImageEffects":true,"showParticleSystems":true},"in2DMode":false,"pivot":{"x":-15.291614532470704,"y":0.8467000126838684,"z":-0.6337199807167053},"rotation":{"x":0.011199874803423882,"y":-0.9970278143882752,"z":0.011122575029730797,"w":0.08270721137523651},"size":0.24494913220405579,"orthographic":false}