{"cameraMode":{"drawMode":0,"name":"Shaded","section":"Shading Mode"},"sceneLighting":false,"audioPlay":false,"sceneViewState":{"showFog":true,"showMaterialUpdate":true,"showSkybox":false,"showFlares":true,"showImageEffects":true,"showParticleSystems":true},"in2DMode":false,"pivot":{"x":-32.05121612548828,"y":-2.6489078998565676,"z":-20.193422317504884},"rotation":{"x":-0.032973386347293857,"y":0.9307985305786133,"z":-0.08681514114141464,"w":-0.35354694724082949},"size":21.36943244934082,"orthographic":false}