{"cameraMode":{"drawMode":0,"name":"Shaded","section":"Shading Mode"},"sceneLighting":true,"audioPlay":false,"sceneViewState":{"showFog":true,"showMaterialUpdate":false,"showSkybox":true,"showFlares":true,"showImageEffects":true,"showParticleSystems":true},"in2DMode":false,"pivot":{"x":-86.21924591064453,"y":-82.95674896240235,"z":8.587715148925782},"rotation":{"x":0.28128424286842348,"y":-0.6221787333488464,"z":0.2558671534061432,"w":0.684548556804657},"size":70.32470703125,"orthographic":false}