{"cameraMode":{"drawMode":0,"name":"Shaded","section":"Shading Mode"},"sceneLighting":true,"audioPlay":false,"sceneViewState":{"showFog":true,"showMaterialUpdate":true,"showSkybox":true,"showFlares":true,"showImageEffects":true,"showParticleSystems":true},"in2DMode":false,"pivot":{"x":147.21177673339845,"y":-108.64100646972656,"z":99.41514587402344},"rotation":{"x":-0.18199029564857484,"y":-0.674428403377533,"z":0.18727707862854005,"w":-0.6912664771080017},"size":127.85366821289063,"orthographic":false}